1;2024,10,02,13,00,00;2024,10,02,13,00,00;Test1;Test note 1
2;2024,10,02,13,00,00;2024,10,02,13,00,00;Test2;Test note 2
3;2024,10,02,13,00,00;2024,10,02,13,00,00;Test3;Test note 3
4;2024,10,02,13,00,00;2024,10,03,16,33,31;Edit 1;Test note 4
5;2024,10,02,13,00,00;2024,10,02,13,00,00;Test5;Test note 5
6;2024,10,02,13,00,00;2024,10,02,13,00,00;Test6;Test note 6
7;2024,10,02,13,00,00;2024,10,02,13,00,00;Test7;Test note 7
8;2024,10,02,13,00,00;2024,10,02,13,00,00;Test8;Test note 8
9;2024,10,02,13,00,00;2024,10,02,13,00,00;Test9;Test note 9
10;2024,10,02,13,00,00;2024,10,02,13,00,00;Test10;Test note 10
11;2024,10,03,15,56,00;2024,10,03,15,56,00;Test11;Test note 11
12;2024,10,03,16,06,10;2024,10,03,16,06,10;11;12
13;2024,10,03,16,33,14;2024,10,03,16,33,14;21;22
14;2024,10,03,18,04,53;2024,10,03,18,04,53;Test12;Test note 12
15;2024,10,03,18,07,21;2024,10,03,18,07,21;Test 13;Test note 13
16;2024,10,03,18,11,22;2024,10,03,18,11,22;Test 14;Test note 14
17;2024,10,04,09,31,24;2024,10,04,09,31,24;Test 15;Test note 15
18;2024,10,04,09,33,47;2024,10,04,09,33,47;Test 16;Test note 16
